
insert into owner_address (id, city, country, pin_code, state, street) values (1, 'pune', 'India', '932156', 'Maharashtra', '80135 Jenna Point');
insert into owner_address (id, city, country, pin_code, state, street) values (2, 'pune', 'India', '999963', 'Maharashtra', '90 Del Sol Lane');
insert into owner_address (id, city, country, pin_code, state, street) values (3, 'pune', 'India', '928529', 'Maharashtra', '402 Ilene Parkway');
insert into owner_address (id, city, country, pin_code, state, street) values (4, 'pune', 'India', '958143', 'Maharashtra', '342 Sutteridge Pass');
insert into owner_address (id, city, country, pin_code, state, street) values (5, 'pune', 'India', '134642', 'Maharashtra', '27602 Harper Pass');
insert into owner_address (id, city, country, pin_code, state, street) values (6, 'pune', 'India', '188571', 'Maharashtra', '67 Nancy Point');
insert into owner_address (id, city, country, pin_code, state, street) values (7, 'pune', 'India', '179397', 'Maharashtra', '44 Waywood Parkway');
insert into owner_address (id, city, country, pin_code, state, street) values (8, 'pune', 'India', '161756', 'Maharashtra', '09080 Browning Hill');
insert into owner_address (id, city, country, pin_code, state, street) values (9, 'pune', 'India', '155368', 'Maharashtra', '469 Knutson Drive');
insert into owner_address (id, city, country, pin_code, state, street) values (10, 'pune', 'India', '167274', 'Maharashtra', '57 Lillian Court');




insert into Owner (id, email_id, gender, mobile_no, first_name, last_name, owner_address) values (1, 'ireynolds0@youtube.com', '0', '9639535703', 'Irene', 'Reynolds', '7');
insert into Owner (id, email_id, gender, mobile_no, first_name, last_name, owner_address) values (2, 'afoster1@slate.com', '0', '9801288461', 'Alan', 'Foster', '8');
insert into Owner (id, email_id, gender, mobile_no, first_name, last_name, owner_address) values (3, 'bwoods2@gnu.org', '0', '9598178361', 'Benjamin', 'Woods', '10');
insert into Owner (id, email_id, gender, mobile_no, first_name, last_name, owner_address) values (4, 'ahenry3@goodreads.com', '0', '9672176679', 'Andrea', 'Henry', '10');
insert into Owner (id, email_id, gender, mobile_no, first_name, last_name, owner_address) values (5, 'rrose4@usnews.com', '1', '8248959885', 'Roger', 'Rose', '10');
insert into Owner (id, email_id, gender, mobile_no, first_name, last_name, owner_address) values (6, 'bboyd5@ed.gov', '0', '7107599344', 'Bruce', 'Boyd', '9');
insert into Owner (id, email_id, gender, mobile_no, first_name, last_name, owner_address) values (7, 'cmartinez6@google.com.br', '0', '9152711746', 'Clarence', 'Martinez', '10');
insert into Owner (id, email_id, gender, mobile_no, first_name, last_name, owner_address) values (8, 'hlewis7@cdbaby.com', '1', '9164951425', 'Heather', 'Lewis', '9');
insert into Owner (id, email_id, gender, mobile_no, first_name, last_name, owner_address) values (9, 'pbennett8@sphinn.com', '0', '8755381014', 'Paul', 'Bennett', '10');
insert into Owner (id, email_id, gender, mobile_no, first_name, last_name, owner_address) values (10, 'fwatkins9@microsoft.com', '1', '9911714177', 'Frances', 'Watkins', '8');


insert into vendor_address (id, city, country, pin_code, state, street) values (1, 'pune', 'India', '942044', 'Maharashtra', '53 Lakeland Center');
insert into vendor_address (id, city, country, pin_code, state, street) values (2, 'pune', 'India', '191097', 'Maharashtra', '23 Green Alley');
insert into vendor_address (id, city, country, pin_code, state, street) values (3, 'pune', 'India', '157887', 'Maharashtra', '055 Westridge Hill');
insert into vendor_address (id, city, country, pin_code, state, street) values (4, 'pune', 'India', '132098', 'Maharashtra', '5237 Starling Crossing');
insert into vendor_address (id, city, country, pin_code, state, street) values (5, 'pune', 'India', '939414', 'Maharashtra', '09569 Sycamore Pass');
insert into vendor_address (id, city, country, pin_code, state, street) values (6, 'pune', 'India', '965949', 'Maharashtra', '66772 Colorado Circle');
insert into vendor_address (id, city, country, pin_code, state, street) values (7, 'pune', 'India', '173822', 'Maharashtra', '7917 Golf Way');
insert into vendor_address (id, city, country, pin_code, state, street) values (8, 'pune', 'India', '996119', 'Maharashtra', '60 Monument Alley');
insert into vendor_address (id, city, country, pin_code, state, street) values (9, 'pune', 'India', '943266', 'Maharashtra', '91 Maryland Lane');
insert into vendor_address (id, city, country, pin_code, state, street) values (10, 'pune', 'India', '975519', 'Maharashtra', '00 Coleman Plaza');

--Sample Vendor data

insert into Vendor (id, email_id, name, registration_date, owner, vendor_address) values (1, 'cdunn0@buzzfeed.com', 'Trudeo', '2015-11-02', 1, 1);
insert into Vendor (id, email_id, name, registration_date, owner, vendor_address) values (2, 'kcrawford1@dagondesign.com', 'Livefish', '2016-06-11', 2, 2);
insert into Vendor (id, email_id, name, registration_date, owner, vendor_address) values (3, 'adaniels2@nydailynews.com', 'Demivee', '2015-12-05', 3, 3);
insert into Vendor (id, email_id, name, registration_date, owner, vendor_address) values (4, 'ewells3@elegantthemes.com', 'Browsedrive', '2016-02-20', 4, 4);
insert into Vendor (id, email_id, name, registration_date, owner, vendor_address) values (5, 'psnyder4@accuweather.com', 'Buzzbean', '2016-02-06', 5, 5);
insert into Vendor (id, email_id, name, registration_date, owner, vendor_address) values (6, 'kmedina5@sbwire.com', 'Eire', '2015-08-25', 6, 6);
insert into Vendor (id, email_id, name, registration_date, owner, vendor_address) values (7, 'tclark6@time.com', 'Thoughtstorm', '2015-08-16', 7, 7);
insert into Vendor (id, email_id, name, registration_date, owner, vendor_address) values (8, 'asanders7@bigcartel.com', 'Gevee', '2016-03-04', 8, 8);
insert into Vendor (id, email_id, name, registration_date, owner, vendor_address) values (9, 'lyoung8@unblog.fr', 'Oloo', '2016-06-15', 9, 9);
insert into Vendor (id, email_id, name, registration_date, owner, vendor_address) values (10, 'pperkins9@salon.com', 'Yakitri', '2015-12-28', 10, 10);



insert into customer_address (id, city, country, pin_code, state, street) values (1, 'pune', 'India', '122087', 'Maharashtra', '9328 Prairie Rose Pass');
insert into customer_address (id, city, country, pin_code, state, street) values (2, 'pune', 'India', '998352', 'Maharashtra', '91113 Gateway Avenue');
insert into customer_address (id, city, country, pin_code, state, street) values (3, 'pune', 'India', '164968', 'Maharashtra', '9255 Randy Drive');
insert into customer_address (id, city, country, pin_code, state, street) values (4, 'pune', 'India', '945850', 'Maharashtra', '36358 Annamark Way');
insert into customer_address (id, city, country, pin_code, state, street) values (5, 'pune', 'India', '922672', 'Maharashtra', '78 Mayfield Avenue');
insert into customer_address (id, city, country, pin_code, state, street) values (6, 'pune', 'India', '943073', 'Maharashtra', '21 Cody Road');
insert into customer_address (id, city, country, pin_code, state, street) values (7, 'pune', 'India', '965666', 'Maharashtra', '42267 Old Gate Point');
insert into customer_address (id, city, country, pin_code, state, street) values (8, 'pune', 'India', '112006', 'Maharashtra', '37407 Debra Hill');
insert into customer_address (id, city, country, pin_code, state, street) values (9, 'pune', 'India', '909727', 'Maharashtra', '4168 Arkansas Junction');
insert into customer_address (id, city, country, pin_code, state, street) values (10, 'pune', 'India', '157987', 'Maharashtra', '92 Moland Way');
insert into customer_address (id, city, country, pin_code, state, street) values (11, 'pune', 'India', '925678', 'Maharashtra', '261 Independence Place');
insert into customer_address (id, city, country, pin_code, state, street) values (12, 'pune', 'India', '959443', 'Maharashtra', '49 Pleasure Junction');
insert into customer_address (id, city, country, pin_code, state, street) values (13, 'pune', 'India', '985197', 'Maharashtra', '6 Valley Edge Parkway');
insert into customer_address (id, city, country, pin_code, state, street) values (14, 'pune', 'India', '113334', 'Maharashtra', '6 Surrey Avenue');
insert into customer_address (id, city, country, pin_code, state, street) values (15, 'pune', 'India', '128340', 'Maharashtra', '82284 Lerdahl Avenue');
insert into customer_address (id, city, country, pin_code, state, street) values (16, 'pune', 'India', '934593', 'Maharashtra', '25 John Wall Hill');
insert into customer_address (id, city, country, pin_code, state, street) values (17, 'pune', 'India', '184881', 'Maharashtra', '84 Sachtjen Park');
insert into customer_address (id, city, country, pin_code, state, street) values (18, 'pune', 'India', '105166', 'Maharashtra', '58142 Havey Trail');
insert into customer_address (id, city, country, pin_code, state, street) values (19, 'pune', 'India', '960519', 'Maharashtra', '0153 Gerald Road');
insert into customer_address (id, city, country, pin_code, state, street) values (20, 'pune', 'India', '928143', 'Maharashtra', '01753 Pine View Center');
insert into customer_address (id, city, country, pin_code, state, street) values (21, 'pune', 'India', '963218', 'Maharashtra', '250 Dapin Pass');
insert into customer_address (id, city, country, pin_code, state, street) values (22, 'pune', 'India', '961049', 'Maharashtra', '0 Valley Edge Lane');
insert into customer_address (id, city, country, pin_code, state, street) values (23, 'pune', 'India', '978757', 'Maharashtra', '70 Armistice Avenue');
insert into customer_address (id, city, country, pin_code, state, street) values (24, 'pune', 'India', '959877', 'Maharashtra', '078 Cardinal Hill');
insert into customer_address (id, city, country, pin_code, state, street) values (25, 'pune', 'India', '101176', 'Maharashtra', '037 Butternut Street');
insert into customer_address (id, city, country, pin_code, state, street) values (26, 'pune', 'India', '901714', 'Maharashtra', '89934 Southridge Terrace');
insert into customer_address (id, city, country, pin_code, state, street) values (27, 'pune', 'India', '933101', 'Maharashtra', '34 Laurel Terrace');
insert into customer_address (id, city, country, pin_code, state, street) values (28, 'pune', 'India', '178872', 'Maharashtra', '50391 Lindbergh Place');
insert into customer_address (id, city, country, pin_code, state, street) values (29, 'pune', 'India', '156255', 'Maharashtra', '25884 Warrior Parkway');
insert into customer_address (id, city, country, pin_code, state, street) values (30, 'pune', 'India', '924234', 'Maharashtra', '53 Old Gate Crossing');
insert into customer_address (id, city, country, pin_code, state, street) values (31, 'pune', 'India', '161938', 'Maharashtra', '3153 Ilene Way');
insert into customer_address (id, city, country, pin_code, state, street) values (32, 'pune', 'India', '165745', 'Maharashtra', '59458 Scofield Lane');
insert into customer_address (id, city, country, pin_code, state, street) values (33, 'pune', 'India', '960117', 'Maharashtra', '748 Esker Terrace');
insert into customer_address (id, city, country, pin_code, state, street) values (34, 'pune', 'India', '919280', 'Maharashtra', '29 International Plaza');
insert into customer_address (id, city, country, pin_code, state, street) values (35, 'pune', 'India', '126311', 'Maharashtra', '71732 Oneill Park');
insert into customer_address (id, city, country, pin_code, state, street) values (36, 'pune', 'India', '942939', 'Maharashtra', '79544 Trailsway Court');
insert into customer_address (id, city, country, pin_code, state, street) values (37, 'pune', 'India', '181675', 'Maharashtra', '8883 Laurel Street');
insert into customer_address (id, city, country, pin_code, state, street) values (38, 'pune', 'India', '171784', 'Maharashtra', '2888 Onsgard Place');
insert into customer_address (id, city, country, pin_code, state, street) values (39, 'pune', 'India', '167864', 'Maharashtra', '9003 Delladonna Alley');
insert into customer_address (id, city, country, pin_code, state, street) values (40, 'pune', 'India', '172245', 'Maharashtra', '89 Namekagon Plaza');
insert into customer_address (id, city, country, pin_code, state, street) values (41, 'pune', 'India', '935059', 'Maharashtra', '5 Laurel Terrace');
insert into customer_address (id, city, country, pin_code, state, street) values (42, 'pune', 'India', '928018', 'Maharashtra', '25794 Hallows Court');
insert into customer_address (id, city, country, pin_code, state, street) values (43, 'pune', 'India', '927894', 'Maharashtra', '569 Duke Pass');
insert into customer_address (id, city, country, pin_code, state, street) values (44, 'pune', 'India', '975411', 'Maharashtra', '89 Mcguire Park');
insert into customer_address (id, city, country, pin_code, state, street) values (45, 'pune', 'India', '910007', 'Maharashtra', '3 Bluejay Terrace');
insert into customer_address (id, city, country, pin_code, state, street) values (46, 'pune', 'India', '139696', 'Maharashtra', '03270 Eastwood Terrace');
insert into customer_address (id, city, country, pin_code, state, street) values (47, 'pune', 'India', '986176', 'Maharashtra', '36 Golf Course Road');
insert into customer_address (id, city, country, pin_code, state, street) values (48, 'pune', 'India', '155628', 'Maharashtra', '88053 Armistice Parkway');
insert into customer_address (id, city, country, pin_code, state, street) values (49, 'pune', 'India', '165390', 'Maharashtra', '21 Fieldstone Point');
insert into customer_address (id, city, country, pin_code, state, street) values (50, 'pune', 'India', '960874', 'Maharashtra', '0 Pepper Wood Plaza');
insert into customer_address (id, city, country, pin_code, state, street) values (51, 'pune', 'India', '954244', 'Maharashtra', '86 Sloan Lane');
insert into customer_address (id, city, country, pin_code, state, street) values (52, 'pune', 'India', '157338', 'Maharashtra', '512 Porter Avenue');
insert into customer_address (id, city, country, pin_code, state, street) values (53, 'pune', 'India', '188436', 'Maharashtra', '5560 Bay Junction');
insert into customer_address (id, city, country, pin_code, state, street) values (54, 'pune', 'India', '122591', 'Maharashtra', '6101 Florence Terrace');
insert into customer_address (id, city, country, pin_code, state, street) values (55, 'pune', 'India', '155744', 'Maharashtra', '0275 Linden Terrace');
insert into customer_address (id, city, country, pin_code, state, street) values (56, 'pune', 'India', '975310', 'Maharashtra', '4460 Harper Place');
insert into customer_address (id, city, country, pin_code, state, street) values (57, 'pune', 'India', '922798', 'Maharashtra', '56 Lighthouse Bay Court');
insert into customer_address (id, city, country, pin_code, state, street) values (58, 'pune', 'India', '975209', 'Maharashtra', '87463 Rutledge Junction');
insert into customer_address (id, city, country, pin_code, state, street) values (59, 'pune', 'India', '955524', 'Maharashtra', '23 Jana Crossing');
insert into customer_address (id, city, country, pin_code, state, street) values (60, 'pune', 'India', '109532', 'Maharashtra', '366 Prairie Rose Junction');
insert into customer_address (id, city, country, pin_code, state, street) values (61, 'pune', 'India', '915161', 'Maharashtra', '474 Cascade Point');
insert into customer_address (id, city, country, pin_code, state, street) values (62, 'pune', 'India', '190988', 'Maharashtra', '07 Arrowood Avenue');
insert into customer_address (id, city, country, pin_code, state, street) values (63, 'pune', 'India', '135669', 'Maharashtra', '44 Pawling Circle');
insert into customer_address (id, city, country, pin_code, state, street) values (64, 'pune', 'India', '126777', 'Maharashtra', '686 Bultman Crossing');
insert into customer_address (id, city, country, pin_code, state, street) values (65, 'pune', 'India', '928431', 'Maharashtra', '6 Elgar Pass');
insert into customer_address (id, city, country, pin_code, state, street) values (66, 'pune', 'India', '168292', 'Maharashtra', '05652 American Ash Street');
insert into customer_address (id, city, country, pin_code, state, street) values (67, 'pune', 'India', '921303', 'Maharashtra', '5 Doe Crossing Alley');
insert into customer_address (id, city, country, pin_code, state, street) values (68, 'pune', 'India', '166285', 'Maharashtra', '80 Hudson Way');
insert into customer_address (id, city, country, pin_code, state, street) values (69, 'pune', 'India', '908981', 'Maharashtra', '250 Gateway Trail');
insert into customer_address (id, city, country, pin_code, state, street) values (70, 'pune', 'India', '903398', 'Maharashtra', '721 Helena Avenue');
insert into customer_address (id, city, country, pin_code, state, street) values (71, 'pune', 'India', '102862', 'Maharashtra', '08 Larry Hill');
insert into customer_address (id, city, country, pin_code, state, street) values (72, 'pune', 'India', '964700', 'Maharashtra', '9 Declaration Pass');
insert into customer_address (id, city, country, pin_code, state, street) values (73, 'pune', 'India', '983185', 'Maharashtra', '92 Thierer Pass');
insert into customer_address (id, city, country, pin_code, state, street) values (74, 'pune', 'India', '920818', 'Maharashtra', '028 Village Circle');
insert into customer_address (id, city, country, pin_code, state, street) values (75, 'pune', 'India', '121719', 'Maharashtra', '067 Mendota Street');
insert into customer_address (id, city, country, pin_code, state, street) values (76, 'pune', 'India', '939666', 'Maharashtra', '4356 Logan Trail');
insert into customer_address (id, city, country, pin_code, state, street) values (77, 'pune', 'India', '929650', 'Maharashtra', '164 Porter Hill');
insert into customer_address (id, city, country, pin_code, state, street) values (78, 'pune', 'India', '981589', 'Maharashtra', '994 Delladonna Junction');
insert into customer_address (id, city, country, pin_code, state, street) values (79, 'pune', 'India', '973578', 'Maharashtra', '262 Evergreen Hill');
insert into customer_address (id, city, country, pin_code, state, street) values (80, 'pune', 'India', '941461', 'Maharashtra', '7 Vermont Plaza');
insert into customer_address (id, city, country, pin_code, state, street) values (81, 'pune', 'India', '115000', 'Maharashtra', '17 Spenser Park');
insert into customer_address (id, city, country, pin_code, state, street) values (82, 'pune', 'India', '154685', 'Maharashtra', '3 Karstens Park');
insert into customer_address (id, city, country, pin_code, state, street) values (83, 'pune', 'India', '193476', 'Maharashtra', '81420 Del Mar Trail');
insert into customer_address (id, city, country, pin_code, state, street) values (84, 'pune', 'India', '195242', 'Maharashtra', '733 Iowa Circle');
insert into customer_address (id, city, country, pin_code, state, street) values (85, 'pune', 'India', '937438', 'Maharashtra', '69 Spenser Circle');
insert into customer_address (id, city, country, pin_code, state, street) values (86, 'pune', 'India', '940845', 'Maharashtra', '146 Waxwing Point');
insert into customer_address (id, city, country, pin_code, state, street) values (87, 'pune', 'India', '171347', 'Maharashtra', '33 Victoria Avenue');
insert into customer_address (id, city, country, pin_code, state, street) values (88, 'pune', 'India', '971505', 'Maharashtra', '3 Hoepker Plaza');
insert into customer_address (id, city, country, pin_code, state, street) values (89, 'pune', 'India', '998905', 'Maharashtra', '2658 Mallard Point');
insert into customer_address (id, city, country, pin_code, state, street) values (90, 'pune', 'India', '192957', 'Maharashtra', '53534 Coolidge Parkway');
insert into customer_address (id, city, country, pin_code, state, street) values (91, 'pune', 'India', '955484', 'Maharashtra', '4 Valley Edge Pass');
insert into customer_address (id, city, country, pin_code, state, street) values (92, 'pune', 'India', '902931', 'Maharashtra', '0 Sachtjen Park');
insert into customer_address (id, city, country, pin_code, state, street) values (93, 'pune', 'India', '182218', 'Maharashtra', '134 Weeping Birch Terrace');
insert into customer_address (id, city, country, pin_code, state, street) values (94, 'pune', 'India', '190256', 'Maharashtra', '56859 Scoville Plaza');
insert into customer_address (id, city, country, pin_code, state, street) values (95, 'pune', 'India', '178751', 'Maharashtra', '420 Blackbird Point');
insert into customer_address (id, city, country, pin_code, state, street) values (96, 'pune', 'India', '195922', 'Maharashtra', '7182 Anniversary Junction');
insert into customer_address (id, city, country, pin_code, state, street) values (97, 'pune', 'India', '152674', 'Maharashtra', '5 Fairfield Parkway');
insert into customer_address (id, city, country, pin_code, state, street) values (98, 'pune', 'India', '158481', 'Maharashtra', '62 Dayton Pass');
insert into customer_address (id, city, country, pin_code, state, street) values (99, 'pune', 'India', '916503', 'Maharashtra', '53 International Road');
insert into customer_address (id, city, country, pin_code, state, street) values (100, 'pune', 'India', '132609', 'Maharashtra', '2 Marquette Drive');




insert into Customer (id, email_id, gender, mobile_no, first_name, last_name, vendor, customer_address) values (1, 'efranklin0@artisteer.com', '0', '9340506548', 'Elizabeth', 'Franklin', '10', 1);
insert into Customer (id, email_id, gender, mobile_no, first_name, last_name, vendor, customer_address) values (2, 'jdunn1@exblog.jp', '0', '9766851322', 'Joan', 'Dunn', '9', 2);
insert into Customer (id, email_id, gender, mobile_no, first_name, last_name, vendor, customer_address) values (3, 'tfrazier2@uol.com.br', '1', '7411438211', 'Theresa', 'Frazier', '9', 3);
insert into Customer (id, email_id, gender, mobile_no, first_name, last_name, vendor, customer_address) values (4, 'cgordon3@hibu.com', '0', '8575810913', 'Christopher', 'Gordon', '10', 4);
insert into Customer (id, email_id, gender, mobile_no, first_name, last_name, vendor, customer_address) values (5, 'bsullivan4@cornell.edu', '0', '9996024220', 'Brandon', 'Sullivan', '7', 5);
insert into Customer (id, email_id, gender, mobile_no, first_name, last_name, vendor, customer_address) values (6, 'htorres5@google.fr', '0', '8080532846', 'Henry', 'Torres', '9', 6);
insert into Customer (id, email_id, gender, mobile_no, first_name, last_name, vendor, customer_address) values (7, 'aaustin6@joomla.org', '1', '7623527673', 'Albert', 'Austin', '10', 7);
insert into Customer (id, email_id, gender, mobile_no, first_name, last_name, vendor, customer_address) values (8, 'mferguson7@phpbb.com', '1', '9188732117', 'Mary', 'Ferguson', '10', 8);
insert into Customer (id, email_id, gender, mobile_no, first_name, last_name, vendor, customer_address) values (9, 'jmurray8@phoca.cz', '0', '7399039200', 'Jeffrey', 'Murray', '7', 9);
insert into Customer (id, email_id, gender, mobile_no, first_name, last_name, vendor, customer_address) values (10, 'cfoster9@china.com.cn', '0', '9217025737', 'Clarence', 'Foster', '8', 10);
insert into Customer (id, email_id, gender, mobile_no, first_name, last_name, vendor, customer_address) values (11, 'rfoxa@census.gov', '0', '8365860151', 'Ryan', 'Fox', '10', 11);
insert into Customer (id, email_id, gender, mobile_no, first_name, last_name, vendor, customer_address) values (12, 'hpowellb@friendfeed.com', '0', '9884747656', 'Harold', 'Powell', '7', 12);
insert into Customer (id, email_id, gender, mobile_no, first_name, last_name, vendor, customer_address) values (13, 'mmurphyc@walmart.com', '1', '8901636892', 'Martin', 'Murphy', '6', 13);
insert into Customer (id, email_id, gender, mobile_no, first_name, last_name, vendor, customer_address) values (14, 'lclarkd@hhs.gov', '1', '9894264893', 'Lawrence', 'Clark', '9', 14);
insert into Customer (id, email_id, gender, mobile_no, first_name, last_name, vendor, customer_address) values (15, 'breynoldse@geocities.jp', '0', '9661781283', 'Billy', 'Reynolds', '9', 15);
insert into Customer (id, email_id, gender, mobile_no, first_name, last_name, vendor, customer_address) values (16, 'cwagnerf@mlb.com', '1', '8301152966', 'Cheryl', 'Wagner', '10', 16);
insert into Customer (id, email_id, gender, mobile_no, first_name, last_name, vendor, customer_address) values (17, 'lrichardsg@odnoklassniki.ru', '1', '9981326548', 'Louis', 'Richards', '10', 17);
insert into Customer (id, email_id, gender, mobile_no, first_name, last_name, vendor, customer_address) values (18, 'nleeh@reverbnation.com', '1', '8077672767', 'Nicole', 'Lee', '10', 18);
insert into Customer (id, email_id, gender, mobile_no, first_name, last_name, vendor, customer_address) values (19, 'lsmithi@ucla.edu', '0', '7076343559', 'Louis', 'Smith', '6', 19);
insert into Customer (id, email_id, gender, mobile_no, first_name, last_name, vendor, customer_address) values (20, 'mknightj@free.fr', '0', '9369666728', 'Marie', 'Knight', '9', 20);
insert into Customer (id, email_id, gender, mobile_no, first_name, last_name, vendor, customer_address) values (21, 'swrightk@rakuten.co.jp', '1', '9644842810', 'Sean', 'Wright', '8', 21);
insert into Customer (id, email_id, gender, mobile_no, first_name, last_name, vendor, customer_address) values (22, 'mcolemanl@mlb.com', '0', '7279461569', 'Mary', 'Coleman', '10', 22);
insert into Customer (id, email_id, gender, mobile_no, first_name, last_name, vendor, customer_address) values (23, 'jwebbm@clickbank.net', '0', '7258871519', 'Jerry', 'Webb', '2', 23);
insert into Customer (id, email_id, gender, mobile_no, first_name, last_name, vendor, customer_address) values (24, 'rgutierrezn@taobao.com', '0', '9962747736', 'Rachel', 'Gutierrez', '9', 24);
insert into Customer (id, email_id, gender, mobile_no, first_name, last_name, vendor, customer_address) values (25, 'rsanchezo@soundcloud.com', '0', '8543971511', 'Roy', 'Sanchez', '2', 25);
insert into Customer (id, email_id, gender, mobile_no, first_name, last_name, vendor, customer_address) values (26, 'pmartinp@xing.com', '0', '9553361669', 'Pamela', 'Martin', '7', 26);
insert into Customer (id, email_id, gender, mobile_no, first_name, last_name, vendor, customer_address) values (27, 'hburnsq@bloomberg.com', '0', '8642836000', 'Howard', 'Burns', '8', 27);
insert into Customer (id, email_id, gender, mobile_no, first_name, last_name, vendor, customer_address) values (28, 'tfoxr@theguardian.com', '0', '8075070495', 'Todd', 'Fox', '10', 28);
insert into Customer (id, email_id, gender, mobile_no, first_name, last_name, vendor, customer_address) values (29, 'tfords@dailymail.co.uk', '1', '7953296769', 'Todd', 'Ford', '7', 29);
insert into Customer (id, email_id, gender, mobile_no, first_name, last_name, vendor, customer_address) values (30, 'dgrahamt@theglobeandmail.com', '1', '9599814003', 'Deborah', 'Graham', '9', 30);
insert into Customer (id, email_id, gender, mobile_no, first_name, last_name, vendor, customer_address) values (31, 'jpriceu@ed.gov', '0', '9983562508', 'Joe', 'Price', '10', 31);
insert into Customer (id, email_id, gender, mobile_no, first_name, last_name, vendor, customer_address) values (32, 'hblackv@tmall.com', '0', '8731328461', 'Harold', 'Black', '10', 32);
insert into Customer (id, email_id, gender, mobile_no, first_name, last_name, vendor, customer_address) values (33, 'ebellw@wunderground.com', '0', '8000255070', 'Evelyn', 'Bell', '6', 33);
insert into Customer (id, email_id, gender, mobile_no, first_name, last_name, vendor, customer_address) values (34, 'jandrewsx@constantcontact.com', '0', '9436551662', 'John', 'Andrews', '10', 34);
insert into Customer (id, email_id, gender, mobile_no, first_name, last_name, vendor, customer_address) values (35, 'bcarpentery@boston.com', '1', '7990963096', 'Benjamin', 'Carpenter', '9', 35);
insert into Customer (id, email_id, gender, mobile_no, first_name, last_name, vendor, customer_address) values (36, 'mkellyz@cbsnews.com', '0', '8733460956', 'Marilyn', 'Kelly', '10', 36);
insert into Customer (id, email_id, gender, mobile_no, first_name, last_name, vendor, customer_address) values (37, 'jgonzalez10@oracle.com', '0', '9782741271', 'Jean', 'Gonzalez', '10', 37);
insert into Customer (id, email_id, gender, mobile_no, first_name, last_name, vendor, customer_address) values (38, 'ccook11@oracle.com', '0', '7907046446', 'Christina', 'Cook', '9', 38);
insert into Customer (id, email_id, gender, mobile_no, first_name, last_name, vendor, customer_address) values (39, 'jbailey12@mapquest.com', '0', '9219498713', 'Jessica', 'Bailey', '10', 39);
insert into Customer (id, email_id, gender, mobile_no, first_name, last_name, vendor, customer_address) values (40, 'jblack13@goodreads.com', '1', '7084282325', 'James', 'Black', '9', 40);
insert into Customer (id, email_id, gender, mobile_no, first_name, last_name, vendor, customer_address) values (41, 'jjenkins14@psu.edu', '1', '9142418463', 'Jessica', 'Jenkins', '9', 41);
insert into Customer (id, email_id, gender, mobile_no, first_name, last_name, vendor, customer_address) values (42, 'egonzales15@microsoft.com', '0', '9610881793', 'Edward', 'Gonzales', '9', 42);
insert into Customer (id, email_id, gender, mobile_no, first_name, last_name, vendor, customer_address) values (43, 'chunter16@google.pl', '0', '9168047691', 'Chris', 'Hunter', '9', 43);
insert into Customer (id, email_id, gender, mobile_no, first_name, last_name, vendor, customer_address) values (44, 'rgarrett17@japanpost.jp', '1', '9849781447', 'Ryan', 'Garrett', '10', 44);
insert into Customer (id, email_id, gender, mobile_no, first_name, last_name, vendor, customer_address) values (45, 'mlittle18@usda.gov', '0', '9411852715', 'Marilyn', 'Little', '10', 45);
insert into Customer (id, email_id, gender, mobile_no, first_name, last_name, vendor, customer_address) values (46, 'tjackson19@tinyurl.com', '1', '8441237296', 'Tina', 'Jackson', '10', 46);
insert into Customer (id, email_id, gender, mobile_no, first_name, last_name, vendor, customer_address) values (47, 'cfisher1a@example.com', '0', '9970100400', 'Catherine', 'Fisher', '6', 47);
insert into Customer (id, email_id, gender, mobile_no, first_name, last_name, vendor, customer_address) values (48, 'bporter1b@nsw.gov.au', '0', '8232641655', 'Bonnie', 'Porter', '10', 48);
insert into Customer (id, email_id, gender, mobile_no, first_name, last_name, vendor, customer_address) values (49, 'rreid1c@google.cn', '1', '9974114906', 'Ralph', 'Reid', '10', 49);
insert into Customer (id, email_id, gender, mobile_no, first_name, last_name, vendor, customer_address) values (50, 'jdiaz1d@goo.ne.jp', '0', '7991546417', 'Jerry', 'Diaz', '9', 50);
insert into Customer (id, email_id, gender, mobile_no, first_name, last_name, vendor, customer_address) values (51, 'bfoster1e@sun.com', '0', '9931591347', 'Bonnie', 'Foster', '9', 51);
insert into Customer (id, email_id, gender, mobile_no, first_name, last_name, vendor, customer_address) values (52, 'jburke1f@liveinternet.ru', '0', '9320969649', 'Jack', 'Burke', '10', 52);
insert into Customer (id, email_id, gender, mobile_no, first_name, last_name, vendor, customer_address) values (53, 'cruiz1g@chron.com', '0', '8868956793', 'Christopher', 'Ruiz', '8', 53);
insert into Customer (id, email_id, gender, mobile_no, first_name, last_name, vendor, customer_address) values (54, 'cporter1h@sun.com', '0', '9693741781', 'Catherine', 'Porter', '9', 54);
insert into Customer (id, email_id, gender, mobile_no, first_name, last_name, vendor, customer_address) values (55, 'dholmes1i@cargocollective.com', '0', '7507760703', 'Douglas', 'Holmes', '10', 55);
insert into Customer (id, email_id, gender, mobile_no, first_name, last_name, vendor, customer_address) values (56, 'ebailey1j@apache.org', '0', '9997552906', 'Eugene', 'Bailey', '10', 56);
insert into Customer (id, email_id, gender, mobile_no, first_name, last_name, vendor, customer_address) values (57, 'jlee1k@ucla.edu', '1', '7353120298', 'Jack', 'Lee', '10', 57);
insert into Customer (id, email_id, gender, mobile_no, first_name, last_name, vendor, customer_address) values (58, 'dbailey1l@livejournal.com', '1', '9474065916', 'David', 'Bailey', '9', 58);
insert into Customer (id, email_id, gender, mobile_no, first_name, last_name, vendor, customer_address) values (59, 'lrichardson1m@freewebs.com', '1', '9878128372', 'Laura', 'Richardson', '7', 59);
insert into Customer (id, email_id, gender, mobile_no, first_name, last_name, vendor, customer_address) values (60, 'jromero1n@list-manage.com', '0', '9296774083', 'Joyce', 'Romero', '8', 60);
insert into Customer (id, email_id, gender, mobile_no, first_name, last_name, vendor, customer_address) values (61, 'sduncan1o@ow.ly', '0', '9700905471', 'Shawn', 'Duncan', '7', 61);
insert into Customer (id, email_id, gender, mobile_no, first_name, last_name, vendor, customer_address) values (62, 'enelson1p@wordpress.org', '1', '7228497662', 'Elizabeth', 'Nelson', '7', 62);
insert into Customer (id, email_id, gender, mobile_no, first_name, last_name, vendor, customer_address) values (63, 'lwatson1q@ebay.com', '0', '8450781809', 'Lois', 'Watson', '10', 63);
insert into Customer (id, email_id, gender, mobile_no, first_name, last_name, vendor, customer_address) values (64, 'aspencer1r@npr.org', '0', '9247240151', 'Andrew', 'Spencer', '9', 64);
insert into Customer (id, email_id, gender, mobile_no, first_name, last_name, vendor, customer_address) values (65, 'ematthews1s@youku.com', '1', '9934625097', 'Ernest', 'Matthews', '10', 65);
insert into Customer (id, email_id, gender, mobile_no, first_name, last_name, vendor, customer_address) values (66, 'jgutierrez1t@springer.com', '1', '9683863493', 'Jeffrey', 'Gutierrez', '10', 66);
insert into Customer (id, email_id, gender, mobile_no, first_name, last_name, vendor, customer_address) values (67, 'fhunter1u@desdev.cn', '1', '9054100862', 'Frank', 'Hunter', '9', 67);
insert into Customer (id, email_id, gender, mobile_no, first_name, last_name, vendor, customer_address) values (68, 'dmatthews1v@hubpages.com', '0', '9441759051', 'Diana', 'Matthews', '9', 68);
insert into Customer (id, email_id, gender, mobile_no, first_name, last_name, vendor, customer_address) values (69, 'breed1w@techcrunch.com', '1', '9422133378', 'Brian', 'Reed', '10', 69);
insert into Customer (id, email_id, gender, mobile_no, first_name, last_name, vendor, customer_address) values (70, 'hnguyen1x@house.gov', '0', '9914362196', 'Harold', 'Nguyen', '8', 70);
insert into Customer (id, email_id, gender, mobile_no, first_name, last_name, vendor, customer_address) values (71, 'lhansen1y@ca.gov', '0', '9146885720', 'Larry', 'Hansen', '10', 71);
insert into Customer (id, email_id, gender, mobile_no, first_name, last_name, vendor, customer_address) values (72, 'rriley1z@technorati.com', '1', '9466516892', 'Rachel', 'Riley', '5', 72);
insert into Customer (id, email_id, gender, mobile_no, first_name, last_name, vendor, customer_address) values (73, 'jhawkins20@cmu.edu', '1', '8416224445', 'Jack', 'Hawkins', '9', 73);
insert into Customer (id, email_id, gender, mobile_no, first_name, last_name, vendor, customer_address) values (74, 'rmoreno21@webs.com', '0', '9653532863', 'Raymond', 'Moreno', '10', 74);
insert into Customer (id, email_id, gender, mobile_no, first_name, last_name, vendor, customer_address) values (75, 'bmorrison22@elegantthemes.com', '0', '9500411656', 'Billy', 'Morrison', '9', 75);
insert into Customer (id, email_id, gender, mobile_no, first_name, last_name, vendor, customer_address) values (76, 'jrobinson23@nih.gov', '1', '9956176591', 'Joe', 'Robinson', '9', 76);
insert into Customer (id, email_id, gender, mobile_no, first_name, last_name, vendor, customer_address) values (77, 'awillis24@usnews.com', '0', '9335122929', 'Alan', 'Willis', '6', 77);
insert into Customer (id, email_id, gender, mobile_no, first_name, last_name, vendor, customer_address) values (78, 'chicks25@mapy.cz', '0', '9037227387', 'Craig', 'Hicks', '8', 78);
insert into Customer (id, email_id, gender, mobile_no, first_name, last_name, vendor, customer_address) values (79, 'phall26@t.co', '1', '8687885633', 'Peter', 'Hall', '10', 79);
insert into Customer (id, email_id, gender, mobile_no, first_name, last_name, vendor, customer_address) values (80, 'bhunt27@goo.gl', '0', '7121417010', 'Barbara', 'Hunt', '9', 80);
insert into Customer (id, email_id, gender, mobile_no, first_name, last_name, vendor, customer_address) values (81, 'boliver28@loc.gov', '0', '9637688408', 'Brian', 'Oliver', '9', 81);
insert into Customer (id, email_id, gender, mobile_no, first_name, last_name, vendor, customer_address) values (82, 'ppatterson29@opensource.org', '0', '9631194522', 'Paula', 'Patterson', '10', 82);
insert into Customer (id, email_id, gender, mobile_no, first_name, last_name, vendor, customer_address) values (83, 'rpalmer2a@theguardian.com', '0', '9740491179', 'Ryan', 'Palmer', '9', 83);
insert into Customer (id, email_id, gender, mobile_no, first_name, last_name, vendor, customer_address) values (84, 'jreed2b@msn.com', '1', '8619431581', 'Jonathan', 'Reed', '8', 84);
insert into Customer (id, email_id, gender, mobile_no, first_name, last_name, vendor, customer_address) values (85, 'tanderson2c@nih.gov', '0', '7004499314', 'Timothy', 'Anderson', '10', 85);
insert into Customer (id, email_id, gender, mobile_no, first_name, last_name, vendor, customer_address) values (86, 'eramirez2d@uol.com.br', '1', '9471130340', 'Eric', 'Ramirez', '10', 86);
insert into Customer (id, email_id, gender, mobile_no, first_name, last_name, vendor, customer_address) values (87, 'tsmith2e@census.gov', '1', '8528470261', 'Timothy', 'Smith', '9', 87);
insert into Customer (id, email_id, gender, mobile_no, first_name, last_name, vendor, customer_address) values (88, 'sperry2f@sbwire.com', '1', '9766216829', 'Steve', 'Perry', '3', 88);
insert into Customer (id, email_id, gender, mobile_no, first_name, last_name, vendor, customer_address) values (89, 'rvasquez2g@forbes.com', '0', '7252442487', 'Robert', 'Vasquez', '8', 89);
insert into Customer (id, email_id, gender, mobile_no, first_name, last_name, vendor, customer_address) values (90, 'mnichols2h@springer.com', '0', '8577977559', 'Matthew', 'Nichols', '10', 90);
insert into Customer (id, email_id, gender, mobile_no, first_name, last_name, vendor, customer_address) values (91, 'cbaker2i@harvard.edu', '1', '7590457210', 'Christopher', 'Baker', '10', 91);
insert into Customer (id, email_id, gender, mobile_no, first_name, last_name, vendor, customer_address) values (92, 'abennett2j@eepurl.com', '0', '9234627572', 'Anthony', 'Bennett', '9', 92);
insert into Customer (id, email_id, gender, mobile_no, first_name, last_name, vendor, customer_address) values (93, 'pburton2k@sina.com.cn', '1', '9640277272', 'Pamela', 'Burton', '8', 93);
insert into Customer (id, email_id, gender, mobile_no, first_name, last_name, vendor, customer_address) values (94, 'gwells2l@google.com.hk', '0', '8897666197', 'George', 'Wells', '10', 94);
insert into Customer (id, email_id, gender, mobile_no, first_name, last_name, vendor, customer_address) values (95, 'mtucker2m@google.nl', '0', '9771160749', 'Melissa', 'Tucker', '10', 95);
insert into Customer (id, email_id, gender, mobile_no, first_name, last_name, vendor, customer_address) values (96, 'alawson2n@youtube.com', '0', '9100978228', 'Andrew', 'Lawson', '10', 96);
insert into Customer (id, email_id, gender, mobile_no, first_name, last_name, vendor, customer_address) values (97, 'jhunt2o@blog.com', '1', '9546917821', 'Jeffrey', 'Hunt', '10', 97);
insert into Customer (id, email_id, gender, mobile_no, first_name, last_name, vendor, customer_address) values (98, 'darmstrong2p@timesonline.co.uk', '0', '8394525453', 'Douglas', 'Armstrong', '10', 98);
insert into Customer (id, email_id, gender, mobile_no, first_name, last_name, vendor, customer_address) values (99, 'jmartinez2q@printfriendly.com', '0', '7331425514', 'Jonathan', 'Martinez', '10', 99);
insert into Customer (id, email_id, gender, mobile_no, first_name, last_name, vendor, customer_address) values (100, 'plynch2r@gnu.org', '1', '9377948092', 'Patricia', 'Lynch', '10', 100);




insert into mess_deck_service_info (id, capacity_of_members, cost, date, end_time, service_type, start_time, vendorid) values (1, '48', '87.10', '2016-08-23', '14:00:00', '2', '12:30:00', '8');
insert into mess_deck_service_info (id, capacity_of_members, cost, date, end_time, service_type, start_time, vendorid) values (2, '27', '63.76', '2016-08-21', '14:00:00', '2', '12:30:00', '10');
insert into mess_deck_service_info (id, capacity_of_members, cost, date, end_time, service_type, start_time, vendorid) values (3, '24', '62.93', '2016-07-20', '14:30:00', '1', '12:00:00', '10');
insert into mess_deck_service_info (id, capacity_of_members, cost, date, end_time, service_type, start_time, vendorid) values (4, '78', '55.82', '2016-07-16', '14:30:00', '1', '12:00:00', '9');
insert into mess_deck_service_info (id, capacity_of_members, cost, date, end_time, service_type, start_time, vendorid) values (5, '89', '79.45', '2016-07-17', '14:00:00', '2', '12:30:00', '6');
insert into mess_deck_service_info (id, capacity_of_members, cost, date, end_time, service_type, start_time, vendorid) values (6, '70', '93.89', '2016-08-03', '14:30:00', '2', '12:30:00', '10');
insert into mess_deck_service_info (id, capacity_of_members, cost, date, end_time, service_type, start_time, vendorid) values (7, '08', '51.12', '2016-07-07', '14:00:00', '1', '12:00:00', '10');
insert into mess_deck_service_info (id, capacity_of_members, cost, date, end_time, service_type, start_time, vendorid) values (8, '66', '67.18', '2016-07-24', '14:00:00', '1', '12:00:00', '9');
insert into mess_deck_service_info (id, capacity_of_members, cost, date, end_time, service_type, start_time, vendorid) values (9, '52', '53.55', '2016-08-08', '14:30:00', '2', '12:30:00', '10');
insert into mess_deck_service_info (id, capacity_of_members, cost, date, end_time, service_type, start_time, vendorid) values (10, '12', '75.34', '2016-07-19', '14:30:00', '1', '12:00:00', '7');
insert into mess_deck_service_info (id, capacity_of_members, cost, date, end_time, service_type, start_time, vendorid) values (11, '91', '85.53', '2016-07-31', '14:00:00', '2', '12:30:00', '7');
insert into mess_deck_service_info (id, capacity_of_members, cost, date, end_time, service_type, start_time, vendorid) values (12, '26', '97.92', '2016-08-08', '14:00:00', '1', '12:30:00', '7');
insert into mess_deck_service_info (id, capacity_of_members, cost, date, end_time, service_type, start_time, vendorid) values (13, '80', '75.97', '2016-08-07', '14:00:00', '2', '12:30:00', '8');
insert into mess_deck_service_info (id, capacity_of_members, cost, date, end_time, service_type, start_time, vendorid) values (14, '09', '95.30', '2016-08-09', '14:00:00', '0', '12:00:00', '10');
insert into mess_deck_service_info (id, capacity_of_members, cost, date, end_time, service_type, start_time, vendorid) values (15, '83', '70.27', '2016-08-06', '14:30:00', '2', '12:00:00', '10');
insert into mess_deck_service_info (id, capacity_of_members, cost, date, end_time, service_type, start_time, vendorid) values (16, '68', '85.56', '2016-07-16', '14:00:00', '2', '12:00:00', '6');
insert into mess_deck_service_info (id, capacity_of_members, cost, date, end_time, service_type, start_time, vendorid) values (17, '14', '67.55', '2016-08-22', '14:00:00', '2', '12:00:00', '10');
insert into mess_deck_service_info (id, capacity_of_members, cost, date, end_time, service_type, start_time, vendorid) values (18, '50', '57.13', '2016-07-05', '14:30:00', '2', '12:30:00', '10');
insert into mess_deck_service_info (id, capacity_of_members, cost, date, end_time, service_type, start_time, vendorid) values (19, '96', '79.83', '2016-08-21', '14:30:00', '0', '12:00:00', '8');
insert into mess_deck_service_info (id, capacity_of_members, cost, date, end_time, service_type, start_time, vendorid) values (20, '10', '83.36', '2016-08-01', '14:00:00', '0', '12:30:00', '9');
insert into mess_deck_service_info (id, capacity_of_members, cost, date, end_time, service_type, start_time, vendorid) values (21, '50', '70.38', '2016-07-14', '14:30:00', '1', '12:00:00', '8');
insert into mess_deck_service_info (id, capacity_of_members, cost, date, end_time, service_type, start_time, vendorid) values (22, '53', '94.38', '2016-07-29', '14:00:00', '2', '12:30:00', '10');
insert into mess_deck_service_info (id, capacity_of_members, cost, date, end_time, service_type, start_time, vendorid) values (23, '91', '70.51', '2016-07-13', '14:30:00', '1', '12:00:00', '9');
insert into mess_deck_service_info (id, capacity_of_members, cost, date, end_time, service_type, start_time, vendorid) values (24, '85', '52.60', '2016-07-15', '14:30:00', '2', '12:00:00', '10');
insert into mess_deck_service_info (id, capacity_of_members, cost, date, end_time, service_type, start_time, vendorid) values (25, '42', '82.71', '2016-07-17', '14:30:00', '1', '12:00:00', '8');
insert into mess_deck_service_info (id, capacity_of_members, cost, date, end_time, service_type, start_time, vendorid) values (26, '61', '57.33', '2016-07-31', '14:00:00', '1', '12:30:00', '4');
insert into mess_deck_service_info (id, capacity_of_members, cost, date, end_time, service_type, start_time, vendorid) values (27, '63', '73.58', '2016-07-27', '14:00:00', '0', '12:30:00', '8');
insert into mess_deck_service_info (id, capacity_of_members, cost, date, end_time, service_type, start_time, vendorid) values (28, '46', '60.21', '2016-08-09', '14:30:00', '2', '12:30:00', '10');
insert into mess_deck_service_info (id, capacity_of_members, cost, date, end_time, service_type, start_time, vendorid) values (29, '60', '74.31', '2016-08-02', '14:00:00', '0', '12:00:00', '9');
insert into mess_deck_service_info (id, capacity_of_members, cost, date, end_time, service_type, start_time, vendorid) values (30, '75', '86.76', '2016-08-20', '14:00:00', '2', '12:30:00', '10');
insert into mess_deck_service_info (id, capacity_of_members, cost, date, end_time, service_type, start_time, vendorid) values (31, '48', '60.94', '2016-07-22', '14:30:00', '2', '12:30:00', '10');
insert into mess_deck_service_info (id, capacity_of_members, cost, date, end_time, service_type, start_time, vendorid) values (32, '30', '87.95', '2016-07-15', '14:30:00', '1', '12:00:00', '10');
insert into mess_deck_service_info (id, capacity_of_members, cost, date, end_time, service_type, start_time, vendorid) values (33, '47', '60.03', '2016-08-01', '14:30:00', '2', '12:30:00', '10');
insert into mess_deck_service_info (id, capacity_of_members, cost, date, end_time, service_type, start_time, vendorid) values (34, '56', '89.20', '2016-07-27', '14:30:00', '2', '12:00:00', '10');
insert into mess_deck_service_info (id, capacity_of_members, cost, date, end_time, service_type, start_time, vendorid) values (35, '45', '93.36', '2016-08-06', '14:00:00', '1', '12:00:00', '9');
insert into mess_deck_service_info (id, capacity_of_members, cost, date, end_time, service_type, start_time, vendorid) values (36, '23', '83.91', '2016-08-17', '14:00:00', '2', '12:30:00', '10');
insert into mess_deck_service_info (id, capacity_of_members, cost, date, end_time, service_type, start_time, vendorid) values (37, '07', '72.48', '2016-08-18', '14:00:00', '2', '12:00:00', '10');
insert into mess_deck_service_info (id, capacity_of_members, cost, date, end_time, service_type, start_time, vendorid) values (38, '94', '60.29', '2016-08-22', '14:30:00', '2', '12:00:00', '9');
insert into mess_deck_service_info (id, capacity_of_members, cost, date, end_time, service_type, start_time, vendorid) values (39, '13', '64.98', '2016-08-16', '14:00:00', '2', '12:00:00', '9');
insert into mess_deck_service_info (id, capacity_of_members, cost, date, end_time, service_type, start_time, vendorid) values (40, '23', '80.38', '2016-07-08', '14:30:00', '2', '12:00:00', '9');
insert into mess_deck_service_info (id, capacity_of_members, cost, date, end_time, service_type, start_time, vendorid) values (41, '48', '86.78', '2016-07-29', '14:00:00', '2', '12:00:00', '8');
insert into mess_deck_service_info (id, capacity_of_members, cost, date, end_time, service_type, start_time, vendorid) values (42, '76', '85.46', '2016-08-18', '14:30:00', '2', '12:00:00', '10');
insert into mess_deck_service_info (id, capacity_of_members, cost, date, end_time, service_type, start_time, vendorid) values (43, '38', '51.57', '2016-08-13', '14:30:00', '0', '12:00:00', '10');
insert into mess_deck_service_info (id, capacity_of_members, cost, date, end_time, service_type, start_time, vendorid) values (44, '33', '76.67', '2016-07-14', '14:00:00', '0', '12:30:00', '10');
insert into mess_deck_service_info (id, capacity_of_members, cost, date, end_time, service_type, start_time, vendorid) values (45, '54', '64.99', '2016-08-15', '14:00:00', '0', '12:00:00', '8');
insert into mess_deck_service_info (id, capacity_of_members, cost, date, end_time, service_type, start_time, vendorid) values (46, '22', '74.62', '2016-08-21', '14:30:00', '1', '12:00:00', '4');
insert into mess_deck_service_info (id, capacity_of_members, cost, date, end_time, service_type, start_time, vendorid) values (47, '22', '59.63', '2016-07-07', '14:00:00', '2', '12:00:00', '9');
insert into mess_deck_service_info (id, capacity_of_members, cost, date, end_time, service_type, start_time, vendorid) values (48, '88', '62.27', '2016-07-09', '14:00:00', '0', '12:30:00', '10');
insert into mess_deck_service_info (id, capacity_of_members, cost, date, end_time, service_type, start_time, vendorid) values (49, '92', '85.49', '2016-07-27', '14:30:00', '2', '12:30:00', '10');
insert into mess_deck_service_info (id, capacity_of_members, cost, date, end_time, service_type, start_time, vendorid) values (50, '45', '99.30', '2016-08-09', '14:30:00', '2', '12:30:00', '9');
insert into mess_deck_service_info (id, capacity_of_members, cost, date, end_time, service_type, start_time, vendorid) values (51, '67', '96.40', '2016-07-30', '14:00:00', '1', '12:00:00', '10');
insert into mess_deck_service_info (id, capacity_of_members, cost, date, end_time, service_type, start_time, vendorid) values (52, '25', '51.61', '2016-08-04', '14:30:00', '2', '12:00:00', '10');
insert into mess_deck_service_info (id, capacity_of_members, cost, date, end_time, service_type, start_time, vendorid) values (53, '62', '52.11', '2016-08-08', '14:30:00', '0', '12:30:00', '10');
insert into mess_deck_service_info (id, capacity_of_members, cost, date, end_time, service_type, start_time, vendorid) values (54, '46', '88.82', '2016-07-18', '14:30:00', '0', '12:00:00', '6');
insert into mess_deck_service_info (id, capacity_of_members, cost, date, end_time, service_type, start_time, vendorid) values (55, '72', '78.42', '2016-08-19', '14:00:00', '2', '12:00:00', '10');
insert into mess_deck_service_info (id, capacity_of_members, cost, date, end_time, service_type, start_time, vendorid) values (56, '53', '76.59', '2016-07-11', '14:30:00', '2', '12:00:00', '8');
insert into mess_deck_service_info (id, capacity_of_members, cost, date, end_time, service_type, start_time, vendorid) values (57, '58', '78.57', '2016-07-09', '14:30:00', '0', '12:30:00', '9');
insert into mess_deck_service_info (id, capacity_of_members, cost, date, end_time, service_type, start_time, vendorid) values (58, '14', '86.48', '2016-07-19', '14:00:00', '2', '12:00:00', '8');
insert into mess_deck_service_info (id, capacity_of_members, cost, date, end_time, service_type, start_time, vendorid) values (59, '43', '85.49', '2016-07-14', '14:00:00', '0', '12:00:00', '8');
insert into mess_deck_service_info (id, capacity_of_members, cost, date, end_time, service_type, start_time, vendorid) values (60, '29', '61.44', '2016-07-14', '14:00:00', '0', '12:00:00', '10');
insert into mess_deck_service_info (id, capacity_of_members, cost, date, end_time, service_type, start_time, vendorid) values (61, '40', '81.00', '2016-07-07', '14:00:00', '0', '12:30:00', '9');
insert into mess_deck_service_info (id, capacity_of_members, cost, date, end_time, service_type, start_time, vendorid) values (62, '66', '93.62', '2016-07-07', '14:30:00', '2', '12:30:00', '10');
insert into mess_deck_service_info (id, capacity_of_members, cost, date, end_time, service_type, start_time, vendorid) values (63, '24', '78.67', '2016-07-04', '14:30:00', '2', '12:00:00', '10');
insert into mess_deck_service_info (id, capacity_of_members, cost, date, end_time, service_type, start_time, vendorid) values (64, '51', '62.66', '2016-08-18', '14:00:00', '2', '12:30:00', '9');
insert into mess_deck_service_info (id, capacity_of_members, cost, date, end_time, service_type, start_time, vendorid) values (65, '05', '92.90', '2016-08-11', '14:00:00', '2', '12:00:00', '10');
insert into mess_deck_service_info (id, capacity_of_members, cost, date, end_time, service_type, start_time, vendorid) values (66, '64', '55.36', '2016-07-25', '14:00:00', '2', '12:00:00', '9');
insert into mess_deck_service_info (id, capacity_of_members, cost, date, end_time, service_type, start_time, vendorid) values (67, '91', '76.01', '2016-07-15', '14:30:00', '2', '12:30:00', '9');
insert into mess_deck_service_info (id, capacity_of_members, cost, date, end_time, service_type, start_time, vendorid) values (68, '56', '68.89', '2016-07-18', '14:30:00', '0', '12:30:00', '8');
insert into mess_deck_service_info (id, capacity_of_members, cost, date, end_time, service_type, start_time, vendorid) values (69, '40', '95.70', '2016-08-07', '14:00:00', '2', '12:00:00', '8');
insert into mess_deck_service_info (id, capacity_of_members, cost, date, end_time, service_type, start_time, vendorid) values (70, '71', '94.34', '2016-08-16', '14:30:00', '2', '12:30:00', '8');
insert into mess_deck_service_info (id, capacity_of_members, cost, date, end_time, service_type, start_time, vendorid) values (71, '34', '96.92', '2016-08-04', '14:30:00', '1', '12:00:00', '9');
insert into mess_deck_service_info (id, capacity_of_members, cost, date, end_time, service_type, start_time, vendorid) values (72, '47', '69.59', '2016-08-11', '14:30:00', '0', '12:00:00', '9');
insert into mess_deck_service_info (id, capacity_of_members, cost, date, end_time, service_type, start_time, vendorid) values (73, '33', '67.13', '2016-08-12', '14:30:00', '0', '12:30:00', '10');
insert into mess_deck_service_info (id, capacity_of_members, cost, date, end_time, service_type, start_time, vendorid) values (74, '59', '62.30', '2016-07-29', '14:30:00', '1', '12:00:00', '10');
insert into mess_deck_service_info (id, capacity_of_members, cost, date, end_time, service_type, start_time, vendorid) values (75, '26', '85.31', '2016-07-08', '14:30:00', '1', '12:00:00', '10');
insert into mess_deck_service_info (id, capacity_of_members, cost, date, end_time, service_type, start_time, vendorid) values (76, '25', '70.07', '2016-07-28', '14:00:00', '2', '12:00:00', '10');
insert into mess_deck_service_info (id, capacity_of_members, cost, date, end_time, service_type, start_time, vendorid) values (77, '69', '79.82', '2016-07-18', '14:30:00', '0', '12:00:00', '10');
insert into mess_deck_service_info (id, capacity_of_members, cost, date, end_time, service_type, start_time, vendorid) values (78, '94', '57.10', '2016-07-26', '14:00:00', '1', '12:00:00', '8');
insert into mess_deck_service_info (id, capacity_of_members, cost, date, end_time, service_type, start_time, vendorid) values (79, '79', '50.99', '2016-07-08', '14:00:00', '0', '12:00:00', '8');
insert into mess_deck_service_info (id, capacity_of_members, cost, date, end_time, service_type, start_time, vendorid) values (80, '15', '95.69', '2016-08-10', '14:30:00', '1', '12:00:00', '10');
insert into mess_deck_service_info (id, capacity_of_members, cost, date, end_time, service_type, start_time, vendorid) values (81, '72', '76.79', '2016-07-13', '14:00:00', '2', '12:00:00', '10');
insert into mess_deck_service_info (id, capacity_of_members, cost, date, end_time, service_type, start_time, vendorid) values (82, '21', '70.63', '2016-07-15', '14:00:00', '2', '12:00:00', '8');
insert into mess_deck_service_info (id, capacity_of_members, cost, date, end_time, service_type, start_time, vendorid) values (83, '79', '80.70', '2016-07-20', '14:30:00', '2', '12:30:00', '8');
insert into mess_deck_service_info (id, capacity_of_members, cost, date, end_time, service_type, start_time, vendorid) values (84, '73', '81.15', '2016-07-15', '14:00:00', '2', '12:30:00', '10');
insert into mess_deck_service_info (id, capacity_of_members, cost, date, end_time, service_type, start_time, vendorid) values (85, '88', '86.87', '2016-07-07', '14:30:00', '1', '12:00:00', '10');
insert into mess_deck_service_info (id, capacity_of_members, cost, date, end_time, service_type, start_time, vendorid) values (86, '68', '86.37', '2016-07-23', '14:30:00', '2', '12:30:00', '10');
insert into mess_deck_service_info (id, capacity_of_members, cost, date, end_time, service_type, start_time, vendorid) values (87, '34', '52.75', '2016-08-23', '14:30:00', '1', '12:00:00', '9');
insert into mess_deck_service_info (id, capacity_of_members, cost, date, end_time, service_type, start_time, vendorid) values (88, '70', '67.47', '2016-08-03', '14:30:00', '2', '12:00:00', '10');
insert into mess_deck_service_info (id, capacity_of_members, cost, date, end_time, service_type, start_time, vendorid) values (89, '15', '56.33', '2016-07-04', '14:30:00', '2', '12:30:00', '8');
insert into mess_deck_service_info (id, capacity_of_members, cost, date, end_time, service_type, start_time, vendorid) values (90, '47', '88.87', '2016-07-19', '14:00:00', '2', '12:30:00', '10');
insert into mess_deck_service_info (id, capacity_of_members, cost, date, end_time, service_type, start_time, vendorid) values (91, '06', '92.11', '2016-08-02', '14:00:00', '1', '12:00:00', '10');
insert into mess_deck_service_info (id, capacity_of_members, cost, date, end_time, service_type, start_time, vendorid) values (92, '53', '88.57', '2016-07-07', '14:00:00', '0', '12:00:00', '10');
insert into mess_deck_service_info (id, capacity_of_members, cost, date, end_time, service_type, start_time, vendorid) values (93, '07', '88.91', '2016-07-30', '14:30:00', '1', '12:30:00', '10');
insert into mess_deck_service_info (id, capacity_of_members, cost, date, end_time, service_type, start_time, vendorid) values (94, '96', '78.53', '2016-08-18', '14:00:00', '0', '12:30:00', '9');
insert into mess_deck_service_info (id, capacity_of_members, cost, date, end_time, service_type, start_time, vendorid) values (95, '83', '77.27', '2016-07-13', '14:00:00', '2', '12:30:00', '10');
insert into mess_deck_service_info (id, capacity_of_members, cost, date, end_time, service_type, start_time, vendorid) values (96, '82', '67.40', '2016-07-30', '14:30:00', '2', '12:00:00', '9');
insert into mess_deck_service_info (id, capacity_of_members, cost, date, end_time, service_type, start_time, vendorid) values (97, '13', '85.27', '2016-07-16', '14:30:00', '1', '12:00:00', '9');
insert into mess_deck_service_info (id, capacity_of_members, cost, date, end_time, service_type, start_time, vendorid) values (98, '15', '91.97', '2016-08-19', '14:30:00', '1', '12:00:00', '10');
insert into mess_deck_service_info (id, capacity_of_members, cost, date, end_time, service_type, start_time, vendorid) values (99, '22', '94.06', '2016-07-20', '14:30:00', '2', '12:00:00', '10');
insert into mess_deck_service_info (id, capacity_of_members, cost, date, end_time, service_type, start_time, vendorid) values (100, '60', '82.69', '2016-07-27', '14:30:00', '1', '12:00:00', '8');




insert into item (id, category, description, name) values (1, 1, 'xx', 'Bhaji');
insert into item (id, category, description, name) values (2, 1, 'xx', 'Rice');
insert into item (id, category, description, name) values (3, 1, 'xx', 'Chapati');


insert into service_meal (service_id, item_id) values (1, '3');
insert into service_meal (service_id, item_id) values (2, '3');
insert into service_meal (service_id, item_id) values (3, '3');
insert into service_meal (service_id, item_id) values (4, '2');
insert into service_meal (service_id, item_id) values (5, '3');
insert into service_meal (service_id, item_id) values (6, '1');
insert into service_meal (service_id, item_id) values (7, '1');
insert into service_meal (service_id, item_id) values (8, '3');
insert into service_meal (service_id, item_id) values (9, '2');
insert into service_meal (service_id, item_id) values (10, '3');
insert into service_meal (service_id, item_id) values (11, '1');
insert into service_meal (service_id, item_id) values (12, '1');
insert into service_meal (service_id, item_id) values (13, '3');
insert into service_meal (service_id, item_id) values (14, '3');
insert into service_meal (service_id, item_id) values (15, '3');
insert into service_meal (service_id, item_id) values (16, '3');
insert into service_meal (service_id, item_id) values (17, '2');
insert into service_meal (service_id, item_id) values (18, '3');
insert into service_meal (service_id, item_id) values (19, '3');
insert into service_meal (service_id, item_id) values (20, '2');
insert into service_meal (service_id, item_id) values (21, '2');
insert into service_meal (service_id, item_id) values (22, '3');
insert into service_meal (service_id, item_id) values (23, '2');
insert into service_meal (service_id, item_id) values (24, '2');
insert into service_meal (service_id, item_id) values (25, '3');
insert into service_meal (service_id, item_id) values (26, '3');
insert into service_meal (service_id, item_id) values (27, '1');
insert into service_meal (service_id, item_id) values (28, '3');
insert into service_meal (service_id, item_id) values (29, '1');
insert into service_meal (service_id, item_id) values (30, '2');
insert into service_meal (service_id, item_id) values (31, '3');
insert into service_meal (service_id, item_id) values (32, '2');
insert into service_meal (service_id, item_id) values (33, '2');
insert into service_meal (service_id, item_id) values (34, '3');
insert into service_meal (service_id, item_id) values (35, '3');
insert into service_meal (service_id, item_id) values (36, '2');
insert into service_meal (service_id, item_id) values (37, '2');
insert into service_meal (service_id, item_id) values (38, '3');
insert into service_meal (service_id, item_id) values (39, '3');
insert into service_meal (service_id, item_id) values (40, '3');
insert into service_meal (service_id, item_id) values (41, '3');
insert into service_meal (service_id, item_id) values (42, '3');
insert into service_meal (service_id, item_id) values (43, '3');
insert into service_meal (service_id, item_id) values (44, '3');
insert into service_meal (service_id, item_id) values (45, '3');
insert into service_meal (service_id, item_id) values (46, '1');
insert into service_meal (service_id, item_id) values (47, '1');
insert into service_meal (service_id, item_id) values (48, '3');
insert into service_meal (service_id, item_id) values (49, '1');
insert into service_meal (service_id, item_id) values (50, '2');
insert into service_meal (service_id, item_id) values (51, '2');
insert into service_meal (service_id, item_id) values (52, '3');
insert into service_meal (service_id, item_id) values (53, '2');
insert into service_meal (service_id, item_id) values (54, '2');
insert into service_meal (service_id, item_id) values (55, '1');
insert into service_meal (service_id, item_id) values (56, '3');
insert into service_meal (service_id, item_id) values (57, '3');
insert into service_meal (service_id, item_id) values (58, '2');
insert into service_meal (service_id, item_id) values (59, '1');
insert into service_meal (service_id, item_id) values (60, '3');
insert into service_meal (service_id, item_id) values (61, '2');
insert into service_meal (service_id, item_id) values (62, '3');
insert into service_meal (service_id, item_id) values (63, '2');
insert into service_meal (service_id, item_id) values (64, '3');
insert into service_meal (service_id, item_id) values (65, '2');
insert into service_meal (service_id, item_id) values (66, '3');
insert into service_meal (service_id, item_id) values (67, '2');
insert into service_meal (service_id, item_id) values (68, '2');
insert into service_meal (service_id, item_id) values (69, '3');
insert into service_meal (service_id, item_id) values (70, '2');
insert into service_meal (service_id, item_id) values (71, '3');
insert into service_meal (service_id, item_id) values (72, '2');
insert into service_meal (service_id, item_id) values (73, '3');
insert into service_meal (service_id, item_id) values (74, '1');
insert into service_meal (service_id, item_id) values (75, '3');
insert into service_meal (service_id, item_id) values (76, '3');
insert into service_meal (service_id, item_id) values (77, '1');
insert into service_meal (service_id, item_id) values (78, '1');
insert into service_meal (service_id, item_id) values (79, '2');
insert into service_meal (service_id, item_id) values (80, '3');
insert into service_meal (service_id, item_id) values (81, '3');
insert into service_meal (service_id, item_id) values (82, '3');
insert into service_meal (service_id, item_id) values (83, '3');
insert into service_meal (service_id, item_id) values (84, '3');
insert into service_meal (service_id, item_id) values (85, '3');
insert into service_meal (service_id, item_id) values (86, '3');
insert into service_meal (service_id, item_id) values (87, '2');
insert into service_meal (service_id, item_id) values (88, '3');
insert into service_meal (service_id, item_id) values (89, '2');
insert into service_meal (service_id, item_id) values (90, '1');
insert into service_meal (service_id, item_id) values (91, '1');
insert into service_meal (service_id, item_id) values (92, '1');
insert into service_meal (service_id, item_id) values (93, '2');
insert into service_meal (service_id, item_id) values (94, '2');
insert into service_meal (service_id, item_id) values (95, '3');
insert into service_meal (service_id, item_id) values (96, '2');
insert into service_meal (service_id, item_id) values (97, '3');
insert into service_meal (service_id, item_id) values (98, '2');
insert into service_meal (service_id, item_id) values (99, '3');
insert into service_meal (service_id, item_id) values (100, '3');




insert into customer_service (mess_deck_service, subscriber) values ('2', '41');
insert into customer_service (mess_deck_service, subscriber) values ('4', '68');
insert into customer_service (mess_deck_service, subscriber) values ('5', '09');
insert into customer_service (mess_deck_service, subscriber) values ('5', '70');
insert into customer_service (mess_deck_service, subscriber) values ('5', '92');
insert into customer_service (mess_deck_service, subscriber) values ('5', '42');
insert into customer_service (mess_deck_service, subscriber) values ('4', '70');
insert into customer_service (mess_deck_service, subscriber) values ('4', '56');
insert into customer_service (mess_deck_service, subscriber) values ('4', '19');
insert into customer_service (mess_deck_service, subscriber) values ('3', '46');
insert into customer_service (mess_deck_service, subscriber) values ('2', '71');
insert into customer_service (mess_deck_service, subscriber) values ('4', '37');
insert into customer_service (mess_deck_service, subscriber) values ('5', '09');
insert into customer_service (mess_deck_service, subscriber) values ('1', '09');
insert into customer_service (mess_deck_service, subscriber) values ('5', '20');
insert into customer_service (mess_deck_service, subscriber) values ('2', '37');
insert into customer_service (mess_deck_service, subscriber) values ('5', '23');
insert into customer_service (mess_deck_service, subscriber) values ('5', '89');
insert into customer_service (mess_deck_service, subscriber) values ('3', '06');
insert into customer_service (mess_deck_service, subscriber) values ('2', '63');
insert into customer_service (mess_deck_service, subscriber) values ('3', '74');
insert into customer_service (mess_deck_service, subscriber) values ('3', '43');
insert into customer_service (mess_deck_service, subscriber) values ('5', '09');
insert into customer_service (mess_deck_service, subscriber) values ('5', '38');
insert into customer_service (mess_deck_service, subscriber) values ('4', '93');
insert into customer_service (mess_deck_service, subscriber) values ('3', '14');
insert into customer_service (mess_deck_service, subscriber) values ('5', '17');
insert into customer_service (mess_deck_service, subscriber) values ('4', '22');
insert into customer_service (mess_deck_service, subscriber) values ('5', '43');
insert into customer_service (mess_deck_service, subscriber) values ('5', '25');
insert into customer_service (mess_deck_service, subscriber) values ('5', '04');
insert into customer_service (mess_deck_service, subscriber) values ('4', '91');
insert into customer_service (mess_deck_service, subscriber) values ('5', '29');
insert into customer_service (mess_deck_service, subscriber) values ('3', '89');
insert into customer_service (mess_deck_service, subscriber) values ('2', '21');
insert into customer_service (mess_deck_service, subscriber) values ('5', '25');
insert into customer_service (mess_deck_service, subscriber) values ('5', '14');
insert into customer_service (mess_deck_service, subscriber) values ('5', '20');
insert into customer_service (mess_deck_service, subscriber) values ('5', '43');
insert into customer_service (mess_deck_service, subscriber) values ('5', '32');
insert into customer_service (mess_deck_service, subscriber) values ('4', '40');
insert into customer_service (mess_deck_service, subscriber) values ('5', '83');
insert into customer_service (mess_deck_service, subscriber) values ('1', '86');
insert into customer_service (mess_deck_service, subscriber) values ('4', '97');
insert into customer_service (mess_deck_service, subscriber) values ('5', '66');
insert into customer_service (mess_deck_service, subscriber) values ('4', '03');
insert into customer_service (mess_deck_service, subscriber) values ('4', '71');
insert into customer_service (mess_deck_service, subscriber) values ('5', '03');
insert into customer_service (mess_deck_service, subscriber) values ('5', '82');
insert into customer_service (mess_deck_service, subscriber) values ('4', '99');
insert into customer_service (mess_deck_service, subscriber) values ('4', '04');
insert into customer_service (mess_deck_service, subscriber) values ('5', '02');
insert into customer_service (mess_deck_service, subscriber) values ('2', '79');
insert into customer_service (mess_deck_service, subscriber) values ('5', '26');
insert into customer_service (mess_deck_service, subscriber) values ('4', '59');
insert into customer_service (mess_deck_service, subscriber) values ('5', '23');
insert into customer_service (mess_deck_service, subscriber) values ('2', '08');
insert into customer_service (mess_deck_service, subscriber) values ('5', '87');
insert into customer_service (mess_deck_service, subscriber) values ('5', '55');
insert into customer_service (mess_deck_service, subscriber) values ('3', '42');
insert into customer_service (mess_deck_service, subscriber) values ('1', '75');
insert into customer_service (mess_deck_service, subscriber) values ('4', '20');
insert into customer_service (mess_deck_service, subscriber) values ('3', '25');
insert into customer_service (mess_deck_service, subscriber) values ('2', '81');
insert into customer_service (mess_deck_service, subscriber) values ('5', '39');
insert into customer_service (mess_deck_service, subscriber) values ('4', '26');
insert into customer_service (mess_deck_service, subscriber) values ('2', '56');
insert into customer_service (mess_deck_service, subscriber) values ('3', '03');
insert into customer_service (mess_deck_service, subscriber) values ('1', '56');
insert into customer_service (mess_deck_service, subscriber) values ('3', '66');
insert into customer_service (mess_deck_service, subscriber) values ('3', '40');
insert into customer_service (mess_deck_service, subscriber) values ('2', '98');
insert into customer_service (mess_deck_service, subscriber) values ('5', '33');
insert into customer_service (mess_deck_service, subscriber) values ('5', '64');
insert into customer_service (mess_deck_service, subscriber) values ('5', '33');
insert into customer_service (mess_deck_service, subscriber) values ('5', '31');
insert into customer_service (mess_deck_service, subscriber) values ('5', '88');
insert into customer_service (mess_deck_service, subscriber) values ('4', '59');
insert into customer_service (mess_deck_service, subscriber) values ('3', '83');
insert into customer_service (mess_deck_service, subscriber) values ('4', '14');
insert into customer_service (mess_deck_service, subscriber) values ('4', '91');
insert into customer_service (mess_deck_service, subscriber) values ('3', '47');
insert into customer_service (mess_deck_service, subscriber) values ('5', '50');
insert into customer_service (mess_deck_service, subscriber) values ('3', '78');
insert into customer_service (mess_deck_service, subscriber) values ('5', '38');
insert into customer_service (mess_deck_service, subscriber) values ('3', '15');
insert into customer_service (mess_deck_service, subscriber) values ('5', '67');
insert into customer_service (mess_deck_service, subscriber) values ('5', '06');
insert into customer_service (mess_deck_service, subscriber) values ('5', '43');
insert into customer_service (mess_deck_service, subscriber) values ('5', '44');
insert into customer_service (mess_deck_service, subscriber) values ('5', '69');
insert into customer_service (mess_deck_service, subscriber) values ('5', '49');
insert into customer_service (mess_deck_service, subscriber) values ('2', '61');
insert into customer_service (mess_deck_service, subscriber) values ('4', '49');
insert into customer_service (mess_deck_service, subscriber) values ('5', '89');
insert into customer_service (mess_deck_service, subscriber) values ('5', '69');
insert into customer_service (mess_deck_service, subscriber) values ('4', '04');
insert into customer_service (mess_deck_service, subscriber) values ('5', '19');
insert into customer_service (mess_deck_service, subscriber) values ('5', '97');
insert into customer_service (mess_deck_service, subscriber) values ('5', '17');